pictureID,url,of_person,of_location,of_event
P2300,https://images.unsplash.com/photo-1654127653999-49bc052561b0?w=1200&h=675&fit=crop,,,
P2301,https://images.unsplash.com/photo-1652243006372-bc51aa2d000a?w=1200&h=675&fit=crop,,,
P2302,https://images.unsplash.com/photo-1653844577875-f69794f1f2e7?w=1200&h=675&fit=crop,,,
P2303,https://images.unsplash.com/photo-1653908660985-338550642ac2?w=1200&h=675&fit=crop,,,
P2304,https://images.unsplash.com/photo-1654284392980-a56c7a241d97?w=1200&h=675&fit=crop,,,
P2305,https://images.unsplash.com/photo-1654488704125-7d916ca70915?w=1200&h=675&fit=crop,,,
P2306,https://images.unsplash.com/photo-1652860819817-68c21d943065?w=1200&h=675&fit=crop,,,
P2307,https://images.unsplash.com/photo-1652543276200-a751e5784b6e?w=1200&h=675&fit=crop,,,
P2308,https://images.unsplash.com/photo-1652489997181-b0dcd0ad74d5?w=1200&h=675&fit=crop,,,
P2309,https://images.unsplash.com/photo-1653511572419-a7ff645cb7c1?w=1200&h=675&fit=crop,,,
P2310,https://images.unsplash.com/photo-1652480247284-a7ca2c1ffecc?w=1200&h=675&fit=crop,,,
P2311,https://images.unsplash.com/photo-1653203217296-5f7e8094cd6b?w=1200&h=675&fit=crop,,,
P2312,https://images.unsplash.com/photo-1654167012494-cf327a77d02c?w=1200&h=675&fit=crop,,,
P2313,https://images.unsplash.com/photo-1654124803057-a07f6323a147?w=1200&h=675&fit=crop,,,
P2314,https://images.unsplash.com/photo-1653219477100-b6ee2bb50fd2?w=1200&h=675&fit=crop,,,
P2315,https://images.unsplash.com/photo-1654085888334-bc4b03bcbf10?w=1200&h=675&fit=crop,,,
P2316,https://images.unsplash.com/photo-1653673187814-9217f7abe5b1?w=1200&h=675&fit=crop,,,
P2317,https://images.unsplash.com/photo-1654124803458-20772ab08c39?w=1200&h=675&fit=crop,,,
P2318,https://images.unsplash.com/photo-1652759962683-98183f86f083?w=1200&h=675&fit=crop,,,
P2319,https://images.unsplash.com/photo-1653986459460-4f71f570425c?w=1200&h=675&fit=crop,,,
P2320,https://images.unsplash.com/photo-1654011157088-7138dfd56d3a?w=1200&h=675&fit=crop,,,
P2321,https://images.unsplash.com/photo-1653795164352-6f4ba840f525?w=1200&h=675&fit=crop,,,
P2322,https://images.unsplash.com/photo-1651856019036-30d4b3dc0d4e?w=1200&h=675&fit=crop,,,
P2323,https://images.unsplash.com/photo-1652195598569-f523c6973b42?w=1200&h=675&fit=crop,,,
P2324,https://images.unsplash.com/photo-1652731083090-e406ce666a4b?w=1200&h=675&fit=crop,,,
P2325,https://images.unsplash.com/photo-1651853888890-ba5429dfe7b7?w=1200&h=675&fit=crop,,,
P2326,https://images.unsplash.com/photo-1653580025606-3189e05837aa?w=1200&h=675&fit=crop,,,
P2327,https://images.unsplash.com/photo-1653263169794-d2c1eb05628d?w=1200&h=675&fit=crop,,,
P2328,https://images.unsplash.com/photo-1653604212161-b50f445f7987?w=1200&h=675&fit=crop,,,
P2329,https://images.unsplash.com/photo-1651769851983-6cd09ee1077e?w=1200&h=675&fit=crop,,,
P2330,https://images.unsplash.com/photo-1652791218710-1f8cc01adbce?w=1200&h=675&fit=crop,,,
P2331,https://images.unsplash.com/photo-1653964964447-66225b7520a7?w=1200&h=675&fit=crop,,,
P2332,https://images.unsplash.com/photo-1652205953411-27af8791fba9?w=1200&h=675&fit=crop,,,
P2333,https://images.unsplash.com/photo-1652154462143-fb7014d79176?w=1200&h=675&fit=crop,,,
P2334,https://images.unsplash.com/photo-1653418756279-cfc8ce5ec15f?w=1200&h=675&fit=crop,,,
P2335,https://images.unsplash.com/photo-1653984335295-871bcc9fd48c?w=1200&h=675&fit=crop,,,
P2336,https://images.unsplash.com/photo-1652706321633-98229d88d5c2?w=1200&h=675&fit=crop,,,
P2337,https://images.unsplash.com/photo-1651789837915-125e2571c942?w=1200&h=675&fit=crop,,,
P2338,https://images.unsplash.com/photo-1652961222213-f7712e5c627e?w=1200&h=675&fit=crop,,,
P2339,https://images.unsplash.com/photo-1652968227950-e5100ba90966?w=1200&h=675&fit=crop,,,
P2340,https://images.unsplash.com/photo-1583078150550-37ad988c1c5d?w=1200&h=675&fit=crop,,,
P2341,https://images.unsplash.com/photo-1652610893736-06b4d7a54fa6?w=1200&h=675&fit=crop,,,
P2342,https://images.unsplash.com/photo-1654214720332-77a6a9c0e0d9?w=1200&h=675&fit=crop,,,
P2343,https://images.unsplash.com/photo-1654111083648-f16291949ee3?w=1200&h=675&fit=crop,,,
P2344,https://images.unsplash.com/photo-1653749576886-059215c7a777?w=1200&h=675&fit=crop,,,
P2345,https://images.unsplash.com/photo-1652554715588-60c932f66a0b?w=1200&h=675&fit=crop,,,
P2346,https://images.unsplash.com/photo-1652709113608-92135acdaafc?w=1200&h=675&fit=crop,,,
P2347,https://images.unsplash.com/photo-1653624824808-e1597cf459a4?w=1200&h=675&fit=crop,,,
P2348,https://images.unsplash.com/photo-1652618555479-a24c142af465?w=1200&h=675&fit=crop,,,
P2349,https://images.unsplash.com/photo-1654067425069-7c14c7bf1fd6?w=1200&h=675&fit=crop,,,
P2350,https://images.unsplash.com/photo-1654113294478-6d439fcaf6f1?w=1200&h=675&fit=crop,,,
P2351,https://images.unsplash.com/photo-1653815915044-1cf4fd124e92?w=1200&h=675&fit=crop,,,
P2352,https://images.unsplash.com/photo-1651926582867-ac5aca9ff5cd?w=1200&h=675&fit=crop,,,
P2353,https://images.unsplash.com/photo-1653982878684-92560e7af206?w=1200&h=675&fit=crop,,,
P2354,https://images.unsplash.com/photo-1652203106844-674e2d40588f?w=1200&h=675&fit=crop,,,
P2355,https://images.unsplash.com/photo-1653331968247-87b3a1c7fcdb?w=1200&h=675&fit=crop,,,
P2356,https://images.unsplash.com/photo-1652196819350-c93eaff773c0?w=1200&h=675&fit=crop,,,
P2357,https://images.unsplash.com/photo-1653845678072-faa0893c9dc2?w=1200&h=675&fit=crop,,,
P2358,https://images.unsplash.com/photo-1653604172943-edefd592d23c?w=1200&h=675&fit=crop,,,
P2359,https://images.unsplash.com/photo-1653819412140-9a64fd29d2ba?w=1200&h=675&fit=crop,,,
P2360,https://images.unsplash.com/photo-1653076446136-705337f5d2a1?w=1200&h=675&fit=crop,,,
P2361,https://images.unsplash.com/photo-1653698604568-b1bbef0f6bbe?w=1200&h=675&fit=crop,,,
P2362,https://images.unsplash.com/photo-1653148290528-45288a5f7d88?w=1200&h=675&fit=crop,,,
P2363,https://images.unsplash.com/photo-1652946337027-dc061893e5e7?w=1200&h=675&fit=crop,,,
P2364,https://images.unsplash.com/photo-1653471293094-9c82e30199ce?w=1200&h=675&fit=crop,,,
P2365,https://images.unsplash.com/photo-1653762125607-677e48118748?w=1200&h=675&fit=crop,,,
P2366,https://images.unsplash.com/photo-1651924423529-acabd87f98cf?w=1200&h=675&fit=crop,,,
P2367,https://images.unsplash.com/photo-1652286779731-fde7ca4c8429?w=1200&h=675&fit=crop,,,
P2368,https://images.unsplash.com/photo-1653151539215-21d501088389?w=1200&h=675&fit=crop,,,
P2369,https://images.unsplash.com/photo-1652964303060-32429744728e?w=1200&h=675&fit=crop,,,
P2370,https://images.unsplash.com/photo-1652237542560-c77b79e3fd56?w=1200&h=675&fit=crop,,,
P2371,https://images.unsplash.com/photo-1654354280491-443d549275fc?w=1200&h=675&fit=crop,,,
P2372,https://images.unsplash.com/photo-1653749576885-f047d28be9bd?w=1200&h=675&fit=crop,,,
P2373,https://images.unsplash.com/photo-1652862730508-cc54a41f724b?w=1200&h=675&fit=crop,,,
P2374,https://images.unsplash.com/photo-1654111080402-65c482993e3a?w=1200&h=675&fit=crop,,,
P2375,https://images.unsplash.com/photo-1652132097582-13a6c7e9611a?w=1200&h=675&fit=crop,,,
P2376,https://images.unsplash.com/photo-1654084769359-b23f70d8d5f9?w=1200&h=675&fit=crop,,,
P2377,https://images.unsplash.com/photo-1652533253183-8e4ea244bc09?w=1200&h=675&fit=crop,,,
P2378,https://images.unsplash.com/photo-1613045992384-23bdc3b2c613?w=1200&h=675&fit=crop,,,
P2379,https://images.unsplash.com/photo-1653677203786-0c3a40ff1844?w=1200&h=675&fit=crop,,,
P2380,https://images.unsplash.com/photo-1654041562611-c15e8df579b1?w=1200&h=675&fit=crop,,,
P2381,https://images.unsplash.com/photo-1652539199834-a5689114caea?w=1200&h=675&fit=crop,,,
P2382,https://images.unsplash.com/photo-1653638450653-f5b62be80805?w=1200&h=675&fit=crop,,,
P2383,https://images.unsplash.com/photo-1653498290920-a6277e169727?w=1200&h=675&fit=crop,,,
P2384,https://images.unsplash.com/photo-1653291716696-25d83d5558f1?w=1200&h=675&fit=crop,,,
P2385,https://images.unsplash.com/photo-1654356813324-8d5efc9b9ef1?w=1200&h=675&fit=crop,,,
P2386,https://images.unsplash.com/photo-1653643629459-d7ed043ad799?w=1200&h=675&fit=crop,,,
P2387,https://images.unsplash.com/photo-1653461643707-7ed5ced0e9c6?w=1200&h=675&fit=crop,,,
P2388,https://images.unsplash.com/photo-1653652873564-5cea5584992e?w=1200&h=675&fit=crop,,,
P2389,https://images.unsplash.com/photo-1653762371653-2d21fb7ffd26?w=1200&h=675&fit=crop,,,
P2390,https://images.unsplash.com/photo-1653569824795-15d51f5b280e?w=1200&h=675&fit=crop,,,
P2391,https://images.unsplash.com/photo-1654428168579-a8c200df6848?w=1200&h=675&fit=crop,,,
P2392,https://images.unsplash.com/photo-1653856114603-d67a3735c376?w=1200&h=675&fit=crop,,,
P2393,https://images.unsplash.com/photo-1651981140119-0701bd856a98?w=1200&h=675&fit=crop,,,
P2394,https://images.unsplash.com/photo-1653806319426-0591f59ddacf?w=1200&h=675&fit=crop,,,
P2395,https://images.unsplash.com/photo-1652707826069-b1a958f93dd4?w=1200&h=675&fit=crop,,,
P2396,https://images.unsplash.com/photo-1651908026232-81893bfb69ef?w=1200&h=675&fit=crop,,,
P2397,https://images.unsplash.com/photo-1650628880119-c176e647191f?w=1200&h=675&fit=crop,,,
P2398,https://images.unsplash.com/photo-1653060053255-4e3e0be80d4c?w=1200&h=675&fit=crop,,,
P2399,https://images.unsplash.com/photo-1652229912564-2139c004585a?w=1200&h=675&fit=crop,,,
P2400,https://images.unsplash.com/photo-1654169761064-95b4c1e2be6e?w=1200&h=675&fit=crop,,,
P2401,https://images.unsplash.com/photo-1652256999758-f2e4172a39f4?w=1200&h=675&fit=crop,,,
P2402,https://images.unsplash.com/photo-1654009783341-8b0c69bbcc6a?w=1200&h=675&fit=crop,,,
P2403,https://images.unsplash.com/photo-1654000711330-caa1e07f60bb?w=1200&h=675&fit=crop,,,
P2404,https://images.unsplash.com/photo-1653304380114-391d11263f71?w=1200&h=675&fit=crop,,,
P2405,https://images.unsplash.com/photo-1652129033294-ca78d489b23c?w=1200&h=675&fit=crop,,,
P2406,https://images.unsplash.com/photo-1652773616019-ac583d2a4fa0?w=1200&h=675&fit=crop,,,
P2407,https://images.unsplash.com/photo-1653530611545-6d3fdbcb586f?w=1200&h=675&fit=crop,,,
P2408,https://images.unsplash.com/photo-1654032390650-085f4a6e827d?w=1200&h=675&fit=crop,,,
P2409,https://images.unsplash.com/photo-1653226166190-442adb1b1691?w=1200&h=675&fit=crop,,,
P2410,https://images.unsplash.com/photo-1653645417753-21504fd8649a?w=1200&h=675&fit=crop,,,
P2411,https://images.unsplash.com/photo-1653914900849-beb53df7f5ea?w=1200&h=675&fit=crop,,,
P2412,https://images.unsplash.com/photo-1654208227680-77dd2fbbb77f?w=1200&h=675&fit=crop,,,
P2413,https://images.unsplash.com/photo-1653339997956-5554594ff10f?w=1200&h=675&fit=crop,,,
P2414,https://images.unsplash.com/photo-1652949842655-1ab06e3d257e?w=1200&h=675&fit=crop,,,
P2415,https://images.unsplash.com/photo-1652443152799-ba88685ef2a8?w=1200&h=675&fit=crop,,,
P2416,https://images.unsplash.com/photo-1651420251346-ebdb66c4e254?w=1200&h=675&fit=crop,,,
P2417,https://images.unsplash.com/photo-1652355116793-6f80a5555130?w=1200&h=675&fit=crop,,,
P2418,https://images.unsplash.com/photo-1653904861683-e08f18228854?w=1200&h=675&fit=crop,,,
P2419,https://images.unsplash.com/photo-1652246075259-1ec462931456?w=1200&h=675&fit=crop,,,
P2420,https://images.unsplash.com/photo-1653642771207-8152108f545f?w=1200&h=675&fit=crop,,,
P2421,https://images.unsplash.com/photo-1652116988805-52dd7d1d3259?w=1200&h=675&fit=crop,,,
P2422,https://images.unsplash.com/photo-1651796348282-0d16a5b22640?w=1200&h=675&fit=crop,,,
P2423,https://images.unsplash.com/photo-1653965188872-b97c84259103?w=1200&h=675&fit=crop,,,
P2424,https://images.unsplash.com/photo-1652040703185-9da58020a862?w=1200&h=675&fit=crop,,,
P2425,https://images.unsplash.com/photo-1652859921962-2db1711280e4?w=1200&h=675&fit=crop,,,
P2426,https://images.unsplash.com/photo-1652027324368-51e51464e527?w=1200&h=675&fit=crop,,,
P2427,https://images.unsplash.com/photo-1653207607627-27b6b1a444cf?w=1200&h=675&fit=crop,,,
P2428,https://images.unsplash.com/photo-1652480199108-80b8dd8bc075?w=1200&h=675&fit=crop,,,
P2429,https://images.unsplash.com/photo-1653216977228-5669df1fc892?w=1200&h=675&fit=crop,,,
P2430,https://images.unsplash.com/photo-1652954428516-8aa6b0f2d599?w=1200&h=675&fit=crop,,,
P2431,https://images.unsplash.com/photo-1654398705562-d126e941ad74?w=1200&h=675&fit=crop,,,
P2432,https://images.unsplash.com/photo-1652067871177-0718aa4aa8d5?w=1200&h=675&fit=crop,,,
P2433,https://images.unsplash.com/photo-1652785179637-2cf785eaa652?w=1200&h=675&fit=crop,,,
P2434,https://images.unsplash.com/photo-1654009603731-20b6d7536002?w=1200&h=675&fit=crop,,,
P2435,https://images.unsplash.com/photo-1651841407055-c4c27666bbfe?w=1200&h=675&fit=crop,,,
P2436,https://images.unsplash.com/photo-1651914420873-4e7ddd52d5ae?w=1200&h=675&fit=crop,,,
P2437,https://images.unsplash.com/photo-1653136890901-b7c5960e7ad6?w=1200&h=675&fit=crop,,,
P2438,https://images.unsplash.com/photo-1652913200433-c1c6d0db715b?w=1200&h=675&fit=crop,,,
P2439,https://images.unsplash.com/photo-1651869005126-b22641e7b649?w=1200&h=675&fit=crop,,,
P2440,https://images.unsplash.com/photo-1654167535598-86dfc149efa1?w=1200&h=675&fit=crop,,,
P2441,https://images.unsplash.com/photo-1652732062037-f2339b8d99be?w=1200&h=675&fit=crop,,,
P2442,https://images.unsplash.com/photo-1653974123934-28a6c3e1181c?w=1200&h=675&fit=crop,,,
P2443,https://images.unsplash.com/photo-1653052140721-0ac42513e5ca?w=1200&h=675&fit=crop,,,
P2444,https://images.unsplash.com/photo-1652181820522-cc76583c9950?w=1200&h=675&fit=crop,,,
P2445,https://images.unsplash.com/photo-1653372512929-5ac36eb22a73?w=1200&h=675&fit=crop,,,
P2446,https://images.unsplash.com/photo-1652489231062-c8451d26f0e2?w=1200&h=675&fit=crop,,,
P2447,https://images.unsplash.com/photo-1653988235129-842891001e10?w=1200&h=675&fit=crop,,,
P2448,https://images.unsplash.com/photo-1652278987461-c8e9f61c8ff8?w=1200&h=675&fit=crop,,,
P2449,https://images.unsplash.com/photo-1653764932642-e3894ee8b62a?w=1200&h=675&fit=crop,,,
P2450,https://images.unsplash.com/photo-1652702544421-e4e198eeb00b?w=1200&h=675&fit=crop,,,
P2451,https://images.unsplash.com/photo-1652318969495-4ad0b51d8d68?w=1200&h=675&fit=crop,,,
P2452,https://images.unsplash.com/photo-1652338664331-e26e3e5d724c?w=1200&h=675&fit=crop,,,
P2453,https://images.unsplash.com/photo-1653841305515-737c52ac55a3?w=1200&h=675&fit=crop,,,
P2454,https://images.unsplash.com/photo-1654312079555-649823a857de?w=1200&h=675&fit=crop,,,
P2455,https://images.unsplash.com/photo-1653844535864-a3c61a70dab7?w=1200&h=675&fit=crop,,,
P2456,https://images.unsplash.com/photo-1652834397627-09d3cb2d2e17?w=1200&h=675&fit=crop,,,
P2457,https://images.unsplash.com/photo-1652393589283-baa2df8d3bbc?w=1200&h=675&fit=crop,,,
P2458,https://images.unsplash.com/photo-1652794878130-d7274e14e244?w=1200&h=675&fit=crop,,,
P2459,https://images.unsplash.com/photo-1652173254238-38fb2aa89ffd?w=1200&h=675&fit=crop,,,
P2460,https://images.unsplash.com/photo-1652138109027-8df36720d197?w=1200&h=675&fit=crop,,,
P2461,https://images.unsplash.com/photo-1654114195915-dcb8732f51af?w=1200&h=675&fit=crop,,,
P2462,https://images.unsplash.com/photo-1653157900201-7b98a214f700?w=1200&h=675&fit=crop,,,
P2463,https://images.unsplash.com/photo-1654111080726-058f5bb21d5d?w=1200&h=675&fit=crop,,,
P2464,https://images.unsplash.com/photo-1652205953411-27af8791fba9?w=1200&h=675&fit=crop,,,
P2465,https://images.unsplash.com/photo-1653611540493-b3a896319fbf?w=1200&h=675&fit=crop,,,
P2466,https://images.unsplash.com/photo-1652891771522-0809041c1d85?w=1200&h=675&fit=crop,,,
P2467,https://images.unsplash.com/photo-1652969758308-d8f9c8b538c4?w=1200&h=675&fit=crop,,,
P2468,https://images.unsplash.com/photo-1653569706894-e564e141a6c2?w=1200&h=675&fit=crop,,,
P2469,https://images.unsplash.com/photo-1653749576885-f047d28be9bd?w=1200&h=675&fit=crop,,,
P2470,https://images.unsplash.com/photo-1653661198822-171fb20fea83?w=1200&h=675&fit=crop,,,
P2471,https://images.unsplash.com/photo-1609611142930-19e4a4f26405?w=1200&h=675&fit=crop,,,
P2472,https://images.unsplash.com/photo-1639718561716-b59d3995d886?w=1200&h=675&fit=crop,,,
P2473,https://images.unsplash.com/photo-1652860812975-11a3c41706fc?w=1200&h=675&fit=crop,,,
P2474,https://images.unsplash.com/photo-1654077230336-e322a0ad2624?w=1200&h=675&fit=crop,,,
P2475,https://images.unsplash.com/photo-1652845983031-4981f42de9dd?w=1200&h=675&fit=crop,,,
P2476,https://images.unsplash.com/photo-1653677208674-e50d88ca3aea?w=1200&h=675&fit=crop,,,
P2477,https://images.unsplash.com/photo-1652126132132-3fe6342c3ba3?w=1200&h=675&fit=crop,,,
P2478,https://images.unsplash.com/photo-1652154007145-6a0dc967e277?w=1200&h=675&fit=crop,,,
P2479,https://images.unsplash.com/photo-1652878575604-8ded4ef5230b?w=1200&h=675&fit=crop,,,
P2480,https://images.unsplash.com/photo-1653194512065-ced623ac3cfc?w=1200&h=675&fit=crop,,,
P2481,https://images.unsplash.com/photo-1653656788071-e06382cb3605?w=1200&h=675&fit=crop,,,
P2482,https://images.unsplash.com/photo-1652103734957-95ee89334b84?w=1200&h=675&fit=crop,,,
P2483,https://images.unsplash.com/photo-1654309184038-f9b689cfbdcb?w=1200&h=675&fit=crop,,,
P2484,https://images.unsplash.com/photo-1653044290119-5a5e848b4725?w=1200&h=675&fit=crop,,,
P2485,https://images.unsplash.com/photo-1652605037858-54602030f28b?w=1200&h=675&fit=crop,,,
P2486,https://images.unsplash.com/photo-1652393958190-736e886a9abd?w=1200&h=675&fit=crop,,,
P2487,https://images.unsplash.com/photo-1652893503487-42a1284d3a54?w=1200&h=675&fit=crop,,,
P2488,https://images.unsplash.com/photo-1652060491209-e745b60697f4?w=1200&h=675&fit=crop,,,
P2489,https://images.unsplash.com/photo-1653883618848-702984f76541?w=1200&h=675&fit=crop,,,
P2490,https://images.unsplash.com/photo-1654028132164-a2ff2d88ea3e?w=1200&h=675&fit=crop,,,
P2491,https://images.unsplash.com/photo-1653403237963-c5bf47252125?w=1200&h=675&fit=crop,,,
P2492,https://images.unsplash.com/photo-1654120357859-bc9f560c9fed?w=1200&h=675&fit=crop,,,
P2493,https://images.unsplash.com/photo-1652811680900-8bf59a413655?w=1200&h=675&fit=crop,,,
P2494,https://images.unsplash.com/photo-1652837161325-a5d0a6faf04b?w=1200&h=675&fit=crop,,,
P2495,https://images.unsplash.com/photo-1652360582588-f9ef18388fe6?w=1200&h=675&fit=crop,,,
P2496,https://images.unsplash.com/photo-1652447210805-65b0ecaaad5e?w=1200&h=675&fit=crop,,,
P2497,https://images.unsplash.com/photo-1652683673243-ada4d4cb9928?w=1200&h=675&fit=crop,,,
P2498,https://images.unsplash.com/photo-1652768177961-a1fc4c808f73?w=1200&h=675&fit=crop,,,
P2499,https://images.unsplash.com/photo-1652489997196-90c654c0b584?w=1200&h=675&fit=crop,,,
P2500,https://images.unsplash.com/photo-1653934004892-1399fb4444c2?w=1200&h=675&fit=crop,,,
P2501,https://images.unsplash.com/photo-1652367443859-744d016925c1?w=1200&h=675&fit=crop,,,
P2502,https://images.unsplash.com/photo-1652451635491-72dfaab20637?w=1200&h=675&fit=crop,,,
P2503,https://images.unsplash.com/photo-1651886841878-c698f9b4ba78?w=1200&h=675&fit=crop,,,
P2504,https://images.unsplash.com/photo-1653142267767-a66c7cf17bc1?w=1200&h=675&fit=crop,,,
P2505,https://images.unsplash.com/photo-1654227349151-5143a175feb7?w=1200&h=675&fit=crop,,,
P2506,https://images.unsplash.com/photo-1654196992473-82e50275c355?w=1200&h=675&fit=crop,,,
P2507,https://images.unsplash.com/photo-1652801698690-bbc35f915fd6?w=1200&h=675&fit=crop,,,
P2508,https://images.unsplash.com/photo-1652870532133-cfa2fb64ef56?w=1200&h=675&fit=crop,,,
P2509,https://images.unsplash.com/photo-1652952424312-c9241d26a631?w=1200&h=675&fit=crop,,,
P2510,https://images.unsplash.com/photo-1654124803453-5bb8819e1524?w=1200&h=675&fit=crop,,,
P2511,https://images.unsplash.com/photo-1652834397627-09d3cb2d2e17?w=1200&h=675&fit=crop,,,
P2512,https://images.unsplash.com/photo-1652457801470-f32de4b6e7f3?w=1200&h=675&fit=crop,,,
P2513,https://images.unsplash.com/photo-1653495254002-1fefd83d9338?w=1200&h=675&fit=crop,,,
P2514,https://images.unsplash.com/photo-1651958931529-56ac3a029e70?w=1200&h=675&fit=crop,,,
P2515,https://images.unsplash.com/photo-1652452583943-d44d356b4c56?w=1200&h=675&fit=crop,,,
P2516,https://images.unsplash.com/photo-1653917202547-b11e3b967ad2?w=1200&h=675&fit=crop,,,
P2517,https://images.unsplash.com/photo-1653709197079-71f5a3447bd2?w=1200&h=675&fit=crop,,,
P2518,https://images.unsplash.com/photo-1653580025606-3189e05837aa?w=1200&h=675&fit=crop,,,
P2519,https://images.unsplash.com/photo-1653738223722-ab5211ccc567?w=1200&h=675&fit=crop,,,
P2520,https://images.unsplash.com/photo-1653507306258-54cae4a48669?w=1200&h=675&fit=crop,,,
P2521,https://images.unsplash.com/photo-1652468901252-49eca84ea887?w=1200&h=675&fit=crop,,,
P2522,https://images.unsplash.com/photo-1654293991409-fdb711ecf562?w=1200&h=675&fit=crop,,,
P2523,https://images.unsplash.com/photo-1652865060241-35ea9dd54bc2?w=1200&h=675&fit=crop,,,
P2524,https://images.unsplash.com/photo-1652520342038-294c5c510917?w=1200&h=675&fit=crop,,,
P2525,https://images.unsplash.com/photo-1654474910176-8a89d33e2237?w=1200&h=675&fit=crop,,,
P2526,https://images.unsplash.com/photo-1652928341750-7cfc55c56526?w=1200&h=675&fit=crop,,,
P2527,https://images.unsplash.com/photo-1652391548004-320873f6c54f?w=1200&h=675&fit=crop,,,
P2528,https://images.unsplash.com/photo-1652533885053-cc1bfc8d6bc4?w=1200&h=675&fit=crop,,,
P2529,https://images.unsplash.com/photo-1654525380513-f83b14527148?w=1200&h=675&fit=crop,,,
P2530,https://images.unsplash.com/photo-1654269164388-c63681621947?w=1200&h=675&fit=crop,,,
P2531,https://images.unsplash.com/photo-1652358357447-644c19386bac?w=1200&h=675&fit=crop,,,
P2532,https://images.unsplash.com/photo-1653508818929-c631fcd0abcb?w=1200&h=675&fit=crop,,,
P2533,https://images.unsplash.com/photo-1652189740139-dd02b1975b75?w=1200&h=675&fit=crop,,,
P2534,https://images.unsplash.com/photo-1652568899043-146a5b096f88?w=1200&h=675&fit=crop,,,
P2535,https://images.unsplash.com/photo-1652479961445-a14ccc11bc2c?w=1200&h=675&fit=crop,,,
P2536,https://images.unsplash.com/photo-1653409874343-13b9f87083b0?w=1200&h=675&fit=crop,,,
P2537,https://images.unsplash.com/photo-1653826531670-3a0ce374c725?w=1200&h=675&fit=crop,,,
P2538,https://images.unsplash.com/photo-1652506731842-3dc4bc5de0ad?w=1200&h=675&fit=crop,,,
P2539,https://images.unsplash.com/photo-1652025938794-021858284d21?w=1200&h=675&fit=crop,,,
P2540,https://images.unsplash.com/photo-1652811231874-e4467bff7325?w=1200&h=675&fit=crop,,,
P2541,https://images.unsplash.com/photo-1650138318699-a7916aced967?w=1200&h=675&fit=crop,,,
P2542,https://images.unsplash.com/photo-1651915609620-d74584bed0a7?w=1200&h=675&fit=crop,,,
P2543,https://images.unsplash.com/photo-1651991747184-5d55c3de316d?w=1200&h=675&fit=crop,,,
P2544,https://images.unsplash.com/photo-1654113294478-6d439fcaf6f1?w=1200&h=675&fit=crop,,,
P2545,https://images.unsplash.com/photo-1654113294478-6d439fcaf6f1?w=1200&h=675&fit=crop,,,
P2546,https://images.unsplash.com/photo-1654359567179-0f60f10012d8?w=1200&h=675&fit=crop,,,
P2547,https://images.unsplash.com/photo-1652039032692-81ec596ba184?w=1200&h=675&fit=crop,,,
P2548,https://images.unsplash.com/photo-1652357230727-34fbae356cfa?w=1200&h=675&fit=crop,,,
P2549,https://images.unsplash.com/photo-1653288973685-4e59e520455d?w=1200&h=675&fit=crop,,,
P2550,https://images.unsplash.com/photo-1653880797118-02115b015d3e?w=1200&h=675&fit=crop,,,
P2551,https://images.unsplash.com/photo-1651750368987-27ba2b780b7f?w=1200&h=675&fit=crop,,,
P2552,https://images.unsplash.com/photo-1652267571513-68cc7df7487d?w=1200&h=675&fit=crop,,,
P2553,https://images.unsplash.com/photo-1654111082558-64f73a3103fd?w=1200&h=675&fit=crop,,,
P2554,https://images.unsplash.com/photo-1654287162219-436037412cd5?w=1200&h=675&fit=crop,,,
P2555,https://images.unsplash.com/photo-1653288180225-38f191d57e58?w=1200&h=675&fit=crop,,,
P2556,https://images.unsplash.com/photo-1653483124735-0499dfda83e8?w=1200&h=675&fit=crop,,,
P2557,https://images.unsplash.com/photo-1652279581417-fbda8be02f8c?w=1200&h=675&fit=crop,,,
P2558,https://images.unsplash.com/photo-1654325633346-ddbbca28e156?w=1200&h=675&fit=crop,,,
P2559,https://images.unsplash.com/photo-1654167535598-86dfc149efa1?w=1200&h=675&fit=crop,,,
P2560,https://images.unsplash.com/photo-1652367038415-700e49bfd6e3?w=1200&h=675&fit=crop,,,
P2561,https://images.unsplash.com/photo-1652979060040-7fb0a3c884f6?w=1200&h=675&fit=crop,,,
P2562,https://images.unsplash.com/photo-1652067871299-0287c2bb881b?w=1200&h=675&fit=crop,,,
P2563,https://images.unsplash.com/photo-1651980765175-ee248a9d55ba?w=1200&h=675&fit=crop,,,
P2564,https://images.unsplash.com/photo-1652865062615-d6050dab1977?w=1200&h=675&fit=crop,,,
P2565,https://images.unsplash.com/photo-1651354081016-7f7f02b14f62?w=1200&h=675&fit=crop,,,
P2566,https://images.unsplash.com/photo-1652711211053-189d5113e59b?w=1200&h=675&fit=crop,,,
P2567,https://images.unsplash.com/photo-1653687321327-7a0588ccee80?w=1200&h=675&fit=crop,,,
P2568,https://images.unsplash.com/photo-1654160655958-ef5b5cc29002?w=1200&h=675&fit=crop,,,
P2569,https://images.unsplash.com/photo-1653921998938-f9146d1c3fac?w=1200&h=675&fit=crop,,,
P2570,https://images.unsplash.com/photo-1652201889506-69de6b2c01e3?w=1200&h=675&fit=crop,,,
P2571,https://images.unsplash.com/photo-1652850581909-6e48ea95bc78?w=1200&h=675&fit=crop,,,
P2572,https://images.unsplash.com/photo-1653225516196-3faa9305f3f2?w=1200&h=675&fit=crop,,,
P2573,https://images.unsplash.com/photo-1653557036073-edc6dcee5601?w=1200&h=675&fit=crop,,,
P2574,https://images.unsplash.com/photo-1652957251843-dcc1a7cfc4be?w=1200&h=675&fit=crop,,,
P2575,https://images.unsplash.com/photo-1652709347713-e20a16b414ca?w=1200&h=675&fit=crop,,,
P2576,https://images.unsplash.com/photo-1652457910240-35770d0c8a8c?w=1200&h=675&fit=crop,,,
P2577,https://images.unsplash.com/photo-1652498199189-c4b7445c9f50?w=1200&h=675&fit=crop,,,
P2578,https://images.unsplash.com/photo-1652938683967-3480fb1bcb46?w=1200&h=675&fit=crop,,,
P2579,https://images.unsplash.com/photo-1652231594615-ca8698fe1ed9?w=1200&h=675&fit=crop,,,
P2580,https://images.unsplash.com/photo-1653764607906-dfde7d7955be?w=1200&h=675&fit=crop,,,
P2581,https://images.unsplash.com/photo-1652128656604-014ef095f380?w=1200&h=675&fit=crop,,,
P2582,https://images.unsplash.com/photo-1654281436862-b28cd33175e7?w=1200&h=675&fit=crop,,,
P2583,https://images.unsplash.com/photo-1652525056611-f0123a40e613?w=1200&h=675&fit=crop,,,
P2584,https://images.unsplash.com/photo-1652534607016-68c37239402a?w=1200&h=675&fit=crop,,,
P2585,https://images.unsplash.com/photo-1639762777346-7559b4c94481?w=1200&h=675&fit=crop,,,
P2586,https://images.unsplash.com/photo-1652520342059-7ac46093345e?w=1200&h=675&fit=crop,,,
P2587,https://images.unsplash.com/photo-1652353292901-c9b06631b231?w=1200&h=675&fit=crop,,,
P2588,https://images.unsplash.com/photo-1653493170812-1dd90fed583b?w=1200&h=675&fit=crop,,,
P2589,https://images.unsplash.com/photo-1651940635475-cad6fcaa4efc?w=1200&h=675&fit=crop,,,
P2590,https://images.unsplash.com/photo-1652231594615-ca8698fe1ed9?w=1200&h=675&fit=crop,,,
P2591,https://images.unsplash.com/photo-1535813180-3a4688ba9471?w=1200&h=675&fit=crop,,,
P2592,https://images.unsplash.com/photo-1652568899043-146a5b096f88?w=1200&h=675&fit=crop,,,
P2593,https://images.unsplash.com/photo-1652568899043-146a5b096f88?w=1200&h=675&fit=crop,,,
P2594,https://images.unsplash.com/photo-1652396507015-74b259a6f58d?w=1200&h=675&fit=crop,,,
P2595,https://images.unsplash.com/photo-1652946336696-d84696937ff8?w=1200&h=675&fit=crop,,,
P2596,https://images.unsplash.com/photo-1653762377701-3d4b1cd19f19?w=1200&h=675&fit=crop,,,
P2597,https://images.unsplash.com/photo-1654032692873-397b35ff22f8?w=1200&h=675&fit=crop,,,
P2598,https://images.unsplash.com/photo-1653069484332-45ae0822aef1?w=1200&h=675&fit=crop,,,
P2599,https://images.unsplash.com/photo-1653422718631-f414801ccf94?w=1200&h=675&fit=crop,,,
P2600,https://images.unsplash.com/photo-1652009795525-99cac7321435?w=1200&h=675&fit=crop,,,
P2601,https://images.unsplash.com/photo-1652496404925-2f5d84f1f7d7?w=1200&h=675&fit=crop,,,
P2602,https://images.unsplash.com/photo-1654175868733-6e60cc6f9ff4?w=1200&h=675&fit=crop,,,
P2603,https://images.unsplash.com/photo-1654111080846-b51a3781859f?w=1200&h=675&fit=crop,,,
P2604,https://images.unsplash.com/photo-1652300162135-6dc9ba079e11?w=1200&h=675&fit=crop,,,
P2605,https://images.unsplash.com/photo-1653686893504-8287ae6c2dab?w=1200&h=675&fit=crop,,,
P2606,https://images.unsplash.com/photo-1652684322439-677f4c9af327?w=1200&h=675&fit=crop,,,
P2607,https://images.unsplash.com/photo-1654448190307-26035c9ff311?w=1200&h=675&fit=crop,,,
P2608,https://images.unsplash.com/photo-1653982878684-92560e7af206?w=1200&h=675&fit=crop,,,
P2609,https://images.unsplash.com/photo-1652602214694-9e4f42af5691?w=1200&h=675&fit=crop,,,
P2610,https://images.unsplash.com/photo-1597784968750-d961bbcf3f0d?w=1200&h=675&fit=crop,,,
P2611,https://images.unsplash.com/photo-1652533872785-ed3eb85da4ba?w=1200&h=675&fit=crop,,,
P2612,https://images.unsplash.com/photo-1654120413912-67a2603c115d?w=1200&h=675&fit=crop,,,
P2613,https://images.unsplash.com/photo-1653491888319-f5dbecd5643c?w=1200&h=675&fit=crop,,,
P2614,https://images.unsplash.com/photo-1652011477091-0c8bbb8912ad?w=1200&h=675&fit=crop,,,
P2615,https://images.unsplash.com/photo-1652353762482-fd15fed8e5d6?w=1200&h=675&fit=crop,,,
P2616,https://images.unsplash.com/photo-1651986701549-dea07ac6d1fa?w=1200&h=675&fit=crop,,,
P2617,https://images.unsplash.com/photo-1652477156868-9ca5151185eb?w=1200&h=675&fit=crop,,,
P2618,https://images.unsplash.com/photo-1653885546839-c416eb10bb81?w=1200&h=675&fit=crop,,,
P2619,https://images.unsplash.com/photo-1653233796783-06e6329a998c?w=1200&h=675&fit=crop,,,
P2620,https://images.unsplash.com/photo-1652958801095-1379413fa2db?w=1200&h=675&fit=crop,,,
P2621,https://images.unsplash.com/photo-1653787849876-c20bcb0880ed?w=1200&h=675&fit=crop,,,
P2622,https://images.unsplash.com/photo-1653396882302-75885308cf7a?w=1200&h=675&fit=crop,,,
P2623,https://images.unsplash.com/photo-1652542572855-74e1fd989a27?w=1200&h=675&fit=crop,,,
P2624,https://images.unsplash.com/photo-1652791218710-1f8cc01adbce?w=1200&h=675&fit=crop,,,
P2625,https://images.unsplash.com/photo-1653904692667-31e477ba6318?w=1200&h=675&fit=crop,,,
P2626,https://images.unsplash.com/photo-1654247156121-b5b0a796070d?w=1200&h=675&fit=crop,,,
P2627,https://images.unsplash.com/photo-1652534607697-3b96442ffea3?w=1200&h=675&fit=crop,,,
P2628,https://images.unsplash.com/photo-1652465485267-9398f1495c46?w=1200&h=675&fit=crop,,,
P2629,https://images.unsplash.com/photo-1652865061456-1df82dce3e31?w=1200&h=675&fit=crop,,,
P2630,https://images.unsplash.com/photo-1654525295629-5776ac024ba9?w=1200&h=675&fit=crop,,,
P2631,https://images.unsplash.com/photo-1652314848010-659515e45544?w=1200&h=675&fit=crop,,,
P2632,https://images.unsplash.com/photo-1653613583160-d7df45e91fee?w=1200&h=675&fit=crop,,,
P2633,https://images.unsplash.com/photo-1652168014154-ae87e2b8edf8?w=1200&h=675&fit=crop,,,
P2634,https://images.unsplash.com/photo-1654114422832-27a7b13c0434?w=1200&h=675&fit=crop,,,
P2635,https://images.unsplash.com/photo-1652847146968-8e47af5c71f2?w=1200&h=675&fit=crop,,,
P2636,https://images.unsplash.com/photo-1651986701483-7efd8f7ad517?w=1200&h=675&fit=crop,,,
P2637,https://images.unsplash.com/photo-1653543534803-cc71044bce8c?w=1200&h=675&fit=crop,,,
P2638,https://images.unsplash.com/photo-1652410818188-a7871223982e?w=1200&h=675&fit=crop,,,
P2639,https://images.unsplash.com/photo-1652625543470-9271a758e0f5?w=1200&h=675&fit=crop,,,
P2640,https://images.unsplash.com/photo-1654115463597-758f7a2c65c9?w=1200&h=675&fit=crop,,,
P2641,https://images.unsplash.com/photo-1653122572755-807829fec568?w=1200&h=675&fit=crop,,,
P2642,https://images.unsplash.com/photo-1651950503603-752a8f2c6941?w=1200&h=675&fit=crop,,,
P2643,https://images.unsplash.com/photo-1652323827276-35ed6da6424d?w=1200&h=675&fit=crop,,,
P2644,https://images.unsplash.com/photo-1652710054821-7bc782d9bc33?w=1200&h=675&fit=crop,,,
P2645,https://images.unsplash.com/photo-1654167138337-87833f51d660?w=1200&h=675&fit=crop,,,
P2646,https://images.unsplash.com/photo-1653930534246-5156ebfeddc8?w=1200&h=675&fit=crop,,,
P2647,https://images.unsplash.com/photo-1652541188935-8e79c0fe9bbf?w=1200&h=675&fit=crop,,,
P2648,https://images.unsplash.com/photo-1654041960260-2bd133c7e6fd?w=1200&h=675&fit=crop,,,
P2649,https://images.unsplash.com/photo-1652618555484-a5a3c6e2ad53?w=1200&h=675&fit=crop,,,
P2650,https://images.unsplash.com/photo-1652121481454-bc3005d2b293?w=1200&h=675&fit=crop,,,
P2651,https://images.unsplash.com/photo-1652691063819-4e91c983ed9f?w=1200&h=675&fit=crop,,,
P2652,https://images.unsplash.com/photo-1652465130625-f8f630a6b891?w=1200&h=675&fit=crop,,,
P2653,https://images.unsplash.com/photo-1654124803072-3198bd80d438?w=1200&h=675&fit=crop,,,
P2654,https://images.unsplash.com/photo-1652644193650-446b498f6743?w=1200&h=675&fit=crop,,,
P2655,https://images.unsplash.com/photo-1652177413035-d0919b3a3485?w=1200&h=675&fit=crop,,,
P2656,https://images.unsplash.com/photo-1652824109905-38ae74f0d347?w=1200&h=675&fit=crop,,,
P2657,https://images.unsplash.com/photo-1652118845347-ca085010a5e1?w=1200&h=675&fit=crop,,,
P2658,https://images.unsplash.com/photo-1652907586028-713845e9eaef?w=1200&h=675&fit=crop,,,
P2659,https://images.unsplash.com/photo-1652267571513-68cc7df7487d?w=1200&h=675&fit=crop,,,
P2660,https://images.unsplash.com/photo-1586103453989-79a89ea537e9?w=1200&h=675&fit=crop,,,
P2661,https://images.unsplash.com/photo-1654391089800-20205d02c476?w=1200&h=675&fit=crop,,,
P2662,https://images.unsplash.com/photo-1653237771103-d99239bf5687?w=1200&h=675&fit=crop,,,
P2663,https://images.unsplash.com/photo-1651769851067-8fe2245b07b0?w=1200&h=675&fit=crop,,,
P2664,https://images.unsplash.com/photo-1653389151473-d1f6a29216d5?w=1200&h=675&fit=crop,,,
P2665,https://images.unsplash.com/photo-1653138003626-e7b45bb83f64?w=1200&h=675&fit=crop,,,
P2666,https://images.unsplash.com/photo-1651855843252-42996def9651?w=1200&h=675&fit=crop,,,
P2667,https://images.unsplash.com/photo-1652285421567-51c86e9dd2af?w=1200&h=675&fit=crop,,,
P2668,https://images.unsplash.com/photo-1652062215546-b329f84fcb0b?w=1200&h=675&fit=crop,,,
P2669,https://images.unsplash.com/photo-1652471417996-aff9f09f7af7?w=1200&h=675&fit=crop,,,
P2670,https://images.unsplash.com/photo-1654115350627-8385ee13453d?w=1200&h=675&fit=crop,,,
P2671,https://images.unsplash.com/photo-1652385179114-031fe674f0a4?w=1200&h=675&fit=crop,,,
P2672,https://images.unsplash.com/photo-1652116776789-873f650efb68?w=1200&h=675&fit=crop,,,
P2673,https://images.unsplash.com/photo-1653228709500-908fb4d509c9?w=1200&h=675&fit=crop,,,
P2674,https://images.unsplash.com/photo-1652695866261-35dfdfa1e3c6?w=1200&h=675&fit=crop,,,
P2675,https://images.unsplash.com/photo-1652482861853-e9d8ba09f1dc?w=1200&h=675&fit=crop,,,
P2676,https://images.unsplash.com/photo-1653479591607-50449053abcf?w=1200&h=675&fit=crop,,,
P2677,https://images.unsplash.com/photo-1654336368535-5e6072c8c052?w=1200&h=675&fit=crop,,,
P2678,https://images.unsplash.com/photo-1651959397804-42c47e337a0f?w=1200&h=675&fit=crop,,,
P2679,https://images.unsplash.com/photo-1653427603315-013838ffd3c0?w=1200&h=675&fit=crop,,,
P2680,https://images.unsplash.com/photo-1654111080846-b51a3781859f?w=1200&h=675&fit=crop,,,
P2681,https://images.unsplash.com/photo-1654111080846-b51a3781859f?w=1200&h=675&fit=crop,,,
P2682,https://images.unsplash.com/photo-1649028179325-0c7a1aa9cf65?w=1200&h=675&fit=crop,,,
P2683,https://images.unsplash.com/photo-1652104014512-218024eff5a6?w=1200&h=675&fit=crop,,,
P2684,https://images.unsplash.com/photo-1652949845449-947586bef0a5?w=1200&h=675&fit=crop,,,
P2685,https://images.unsplash.com/photo-1653409118634-e9aae1e099e7?w=1200&h=675&fit=crop,,,
P2686,https://images.unsplash.com/photo-1652155205433-52179159a15e?w=1200&h=675&fit=crop,,,
P2687,https://images.unsplash.com/photo-1652117524626-95bb43ccf200?w=1200&h=675&fit=crop,,,
P2688,https://images.unsplash.com/photo-1653642771207-8152108f545f?w=1200&h=675&fit=crop,,,
P2689,https://images.unsplash.com/photo-1654102950060-176bd1c752a3?w=1200&h=675&fit=crop,,,
P2690,https://images.unsplash.com/photo-1653798730818-68d6509ae3ac?w=1200&h=675&fit=crop,,,
P2691,https://images.unsplash.com/photo-1652941179963-bad4f3a39379?w=1200&h=675&fit=crop,,,
P2692,https://images.unsplash.com/photo-1653213372354-5d74bbe63b48?w=1200&h=675&fit=crop,,,
P2693,https://images.unsplash.com/photo-1654306818924-007e5dfa4e8e?w=1200&h=675&fit=crop,,,
P2694,https://images.unsplash.com/photo-1653638457976-2b34a45c2897?w=1200&h=675&fit=crop,,,
P2695,https://images.unsplash.com/photo-1651945496784-72349b82b64b?w=1200&h=675&fit=crop,,,
P2696,https://images.unsplash.com/photo-1654080086785-7da71213aae6?w=1200&h=675&fit=crop,,,
P2697,https://images.unsplash.com/photo-1652551161938-bb90715aeaa3?w=1200&h=675&fit=crop,,,
P2698,https://images.unsplash.com/photo-1653796149139-c9da8470e6b4?w=1200&h=675&fit=crop,,,
P2699,https://images.unsplash.com/photo-1653162065252-193d95996683?w=1200&h=675&fit=crop,,,
P2700,https://images.unsplash.com/photo-1653123092909-a735c00d53aa?w=1200&h=675&fit=crop,,,
P2701,https://images.unsplash.com/photo-1651815849055-c4e130663b83?w=1200&h=675&fit=crop,,,
P2702,https://images.unsplash.com/photo-1654013147268-8c9185c941ae?w=1200&h=675&fit=crop,,,
P2703,https://images.unsplash.com/photo-1652439500656-5aa37ce9b8e8?w=1200&h=675&fit=crop,,,
P2704,https://images.unsplash.com/photo-1653813649718-d4893b3703f0?w=1200&h=675&fit=crop,,,
P2705,https://images.unsplash.com/photo-1652860671499-ec2ddfec16e7?w=1200&h=675&fit=crop,,,
P2706,https://images.unsplash.com/photo-1654356813324-8d5efc9b9ef1?w=1200&h=675&fit=crop,,,
P2707,https://images.unsplash.com/photo-1654244462750-1331909d2b40?w=1200&h=675&fit=crop,,,
P2708,https://images.unsplash.com/photo-1653503275094-105729729214?w=1200&h=675&fit=crop,,,
P2709,https://images.unsplash.com/photo-1588371995259-c69a24964e5d?w=1200&h=675&fit=crop,,,
P2710,https://images.unsplash.com/photo-1653773397010-d3b5d4597262?w=1200&h=675&fit=crop,,,
P2711,https://images.unsplash.com/photo-1654032693719-ada7186b1ae7?w=1200&h=675&fit=crop,,,
P2712,https://images.unsplash.com/photo-1653587193500-8622dd231a66?w=1200&h=675&fit=crop,,,
P2713,https://images.unsplash.com/photo-1653235431818-d0b4c03ff0e8?w=1200&h=675&fit=crop,,,
P2714,https://images.unsplash.com/photo-1654028557808-54a370f554dc?w=1200&h=675&fit=crop,,,
P2715,https://images.unsplash.com/photo-1652631631003-509a0d9fe8ea?w=1200&h=675&fit=crop,,,
P2716,https://images.unsplash.com/photo-1652699140205-792df2fb740f?w=1200&h=675&fit=crop,,,
P2717,https://images.unsplash.com/photo-1652318224806-453c59b64f18?w=1200&h=675&fit=crop,,,
P2718,https://images.unsplash.com/photo-1654248568696-0659a2178e88?w=1200&h=675&fit=crop,,,
P2719,https://images.unsplash.com/photo-1652169890540-c5201c986f1f?w=1200&h=675&fit=crop,,,
P2720,https://images.unsplash.com/photo-1653594459884-4025f75c46ed?w=1200&h=675&fit=crop,,,
P2721,https://images.unsplash.com/photo-1653765033163-1419ab811559?w=1200&h=675&fit=crop,,,
P2722,https://images.unsplash.com/photo-1653709195919-8243cad5e8b6?w=1200&h=675&fit=crop,,,
P2723,https://images.unsplash.com/photo-1652971673353-7fb4fdd0889d?w=1200&h=675&fit=crop,,,
P2724,https://images.unsplash.com/photo-1652620386223-7671fd247834?w=1200&h=675&fit=crop,,,
P2725,https://images.unsplash.com/photo-1652856960542-3cd60c970f8f?w=1200&h=675&fit=crop,,,
P2726,https://images.unsplash.com/photo-1652723909428-f2c69c904627?w=1200&h=675&fit=crop,,,
P2727,https://images.unsplash.com/photo-1653669753513-5380222a5119?w=1200&h=675&fit=crop,,,
P2728,https://images.unsplash.com/photo-1652285421567-51c86e9dd2af?w=1200&h=675&fit=crop,,,
P2729,https://images.unsplash.com/photo-1652447129192-6b8d0623cf56?w=1200&h=675&fit=crop,,,
P2730,https://images.unsplash.com/photo-1652815570038-7adf6939e1c6?w=1200&h=675&fit=crop,,,
P2731,https://images.unsplash.com/photo-1653558368201-cf9d0b2a2c70?w=1200&h=675&fit=crop,,,
P2732,https://images.unsplash.com/photo-1652690772703-0461a655643d?w=1200&h=675&fit=crop,,,
P2733,https://images.unsplash.com/photo-1653693010141-3546e0f80123?w=1200&h=675&fit=crop,,,
P2734,https://images.unsplash.com/photo-1652893166905-3d71d4ee287d?w=1200&h=675&fit=crop,,,
P2735,https://images.unsplash.com/photo-1652803723517-e6aee26f4dbc?w=1200&h=675&fit=crop,,,
P2736,https://images.unsplash.com/photo-1652039032701-cfc85309b718?w=1200&h=675&fit=crop,,,
P2737,https://images.unsplash.com/photo-1652201767864-49472c48b145?w=1200&h=675&fit=crop,,,
P2738,https://images.unsplash.com/photo-1652616109087-da4d149f4927?w=1200&h=675&fit=crop,,,
P2739,https://images.unsplash.com/photo-1652358303639-b79c6ffbefae?w=1200&h=675&fit=crop,,,
P2740,https://images.unsplash.com/photo-1653752821135-ac540ede678e?w=1200&h=675&fit=crop,,,
P2741,https://images.unsplash.com/photo-1652862537656-14e612dafc0b?w=1200&h=675&fit=crop,,,
P2742,https://images.unsplash.com/photo-1652903782521-b7a1b8b6c71d?w=1200&h=675&fit=crop,,,
P2743,https://images.unsplash.com/photo-1654114195915-dcb8732f51af?w=1200&h=675&fit=crop,,,
P2744,https://images.unsplash.com/photo-1654114195915-dcb8732f51af?w=1200&h=675&fit=crop,,,
P2745,https://images.unsplash.com/photo-1653964964447-66225b7520a7?w=1200&h=675&fit=crop,,,
P2746,https://images.unsplash.com/photo-1652093213613-65c772377b8b?w=1200&h=675&fit=crop,,,
P2747,https://images.unsplash.com/photo-1650734309628-7bad148089a6?w=1200&h=675&fit=crop,,,
P2748,https://images.unsplash.com/photo-1652797877221-cd49a0a45c9d?w=1200&h=675&fit=crop,,,
P2749,https://images.unsplash.com/photo-1653750342071-f7c7307445a3?w=1200&h=675&fit=crop,,,
P2750,https://images.unsplash.com/photo-1653366086264-6e758cfb4d1d?w=1200&h=675&fit=crop,,,
P2751,https://images.unsplash.com/photo-1654413973499-e2bb41d4dffc?w=1200&h=675&fit=crop,,,
P2752,https://images.unsplash.com/photo-1652120271748-6f2d0736f735?w=1200&h=675&fit=crop,,,
P2753,https://images.unsplash.com/photo-1653471450551-0fe71b2d01fa?w=1200&h=675&fit=crop,,,
P2754,https://images.unsplash.com/photo-1649797742343-60bf2357fc96?w=1200&h=675&fit=crop,,,
P2755,https://images.unsplash.com/photo-1651878357344-0fa6341879f3?w=1200&h=675&fit=crop,,,
P2756,https://images.unsplash.com/photo-1652349566831-1b41ce15ba6c?w=1200&h=675&fit=crop,,,
P2757,https://images.unsplash.com/photo-1652259461978-184a3abbf59b?w=1200&h=675&fit=crop,,,
P2758,https://images.unsplash.com/photo-1653166148082-b370973ace50?w=1200&h=675&fit=crop,,,
P2759,https://images.unsplash.com/photo-1652866022370-92fc38815379?w=1200&h=675&fit=crop,,,
P2760,https://images.unsplash.com/photo-1654068472234-00f7df704a83?w=1200&h=675&fit=crop,,,
P2761,https://images.unsplash.com/photo-1652949817458-e70d4f30d207?w=1200&h=675&fit=crop,,,
P2762,https://images.unsplash.com/photo-1652410817816-c8eea72175d9?w=1200&h=675&fit=crop,,,
P2763,https://images.unsplash.com/photo-1652129033294-ca78d489b23c?w=1200&h=675&fit=crop,,,
P2764,https://images.unsplash.com/photo-1652783070844-64b446b791dd?w=1200&h=675&fit=crop,,,
P2765,https://images.unsplash.com/photo-1652538302725-0ee98032dcad?w=1200&h=675&fit=crop,,,
P2766,https://images.unsplash.com/photo-1652161468447-d8abb529b464?w=1200&h=675&fit=crop,,,
P2767,https://images.unsplash.com/photo-1652017667261-9d8be8f53978?w=1200&h=675&fit=crop,,,
P2768,https://images.unsplash.com/photo-1654289854335-090e4e8485e8?w=1200&h=675&fit=crop,,,
P2769,https://images.unsplash.com/photo-1652911942944-572e532c8cf2?w=1200&h=675&fit=crop,,,
P2770,https://images.unsplash.com/photo-1652862730508-cc54a41f724b?w=1200&h=675&fit=crop,,,
P2771,https://images.unsplash.com/photo-1653156936744-0510b69307d0?w=1200&h=675&fit=crop,,,
P2772,https://images.unsplash.com/photo-1652013018175-157f6794bb7a?w=1200&h=675&fit=crop,,,
P2773,https://images.unsplash.com/photo-1653461560571-3ba4fcb1fa01?w=1200&h=675&fit=crop,,,
P2774,https://images.unsplash.com/photo-1652132228164-4499391c4725?w=1200&h=675&fit=crop,,,
P2775,https://images.unsplash.com/photo-1653325532801-20505a866e9d?w=1200&h=675&fit=crop,,,
P2776,https://images.unsplash.com/photo-1652862730486-8e2d00ad619f?w=1200&h=675&fit=crop,,,
P2777,https://images.unsplash.com/photo-1652352529295-89a568b0b153?w=1200&h=675&fit=crop,,,
P2778,https://images.unsplash.com/photo-1653035713470-0e0f03748591?w=1200&h=675&fit=crop,,,
P2779,https://images.unsplash.com/photo-1652058812534-861c4ebec310?w=1200&h=675&fit=crop,,,
P2780,https://images.unsplash.com/photo-1654208227680-77dd2fbbb77f?w=1200&h=675&fit=crop,,,
P2781,https://images.unsplash.com/photo-1652694636191-dea59dcdca80?w=1200&h=675&fit=crop,,,
P2782,https://images.unsplash.com/photo-1652887974251-a12a7a05a725?w=1200&h=675&fit=crop,,,
P2783,https://images.unsplash.com/photo-1653964160188-d4210b28952b?w=1200&h=675&fit=crop,,,
P2784,https://images.unsplash.com/photo-1654329241889-45e50e277eab?w=1200&h=675&fit=crop,,,
P2785,https://images.unsplash.com/photo-1652949845332-e7a6a6e230fe?w=1200&h=675&fit=crop,,,
P2786,https://images.unsplash.com/photo-1651931735130-2cfe12b70047?w=1200&h=675&fit=crop,,,
P2787,https://images.unsplash.com/photo-1652736713874-4cdc8d6f5d13?w=1200&h=675&fit=crop,,,
P2788,https://images.unsplash.com/photo-1652212576333-4d67cbae87be?w=1200&h=675&fit=crop,,,
P2789,https://images.unsplash.com/photo-1652893166905-3d71d4ee287d?w=1200&h=675&fit=crop,,,
P2790,https://images.unsplash.com/photo-1653276526709-c424ad920de6?w=1200&h=675&fit=crop,,,
P2791,https://images.unsplash.com/photo-1652128289017-65598ba7ebf6?w=1200&h=675&fit=crop,,,
P2792,https://images.unsplash.com/photo-1652265540595-20bb27ccba7d?w=1200&h=675&fit=crop,,,
P2793,https://images.unsplash.com/photo-1654309184038-f9b689cfbdcb?w=1200&h=675&fit=crop,,,
P2794,https://images.unsplash.com/photo-1651978595523-a10a9c9d59a2?w=1200&h=675&fit=crop,,,
P2795,https://images.unsplash.com/photo-1654311195282-c64f59fa27c6?w=1200&h=675&fit=crop,,,
P2796,https://images.unsplash.com/photo-1654481089446-1c6637b8c0fe?w=1200&h=675&fit=crop,,,
P2797,https://images.unsplash.com/photo-1652088574304-dc1454785e62?w=1200&h=675&fit=crop,,,
P2798,https://images.unsplash.com/photo-1652258996404-6016dd31075d?w=1200&h=675&fit=crop,,,
P2799,https://images.unsplash.com/photo-1652173254238-38fb2aa89ffd?w=1200&h=675&fit=crop,,,
P2800,https://images.unsplash.com/photo-1652173254238-38fb2aa89ffd?w=1200&h=675&fit=crop,,,
P2801,https://images.unsplash.com/photo-1654170990161-e9d0c2d345d4?w=1200&h=675&fit=crop,,,
P2802,https://images.unsplash.com/photo-1654103884256-95a578fba045?w=1200&h=675&fit=crop,,,
P2803,https://images.unsplash.com/photo-1632235264696-323467f32c5b?w=1200&h=675&fit=crop,,,
P2804,https://images.unsplash.com/photo-1654465160840-5af5e3ddf657?w=1200&h=675&fit=crop,,,
P2805,https://images.unsplash.com/photo-1652533881170-e72a154abbe1?w=1200&h=675&fit=crop,,,
P2806,https://images.unsplash.com/photo-1652197468543-8bdff2c1247e?w=1200&h=675&fit=crop,,,
P2807,https://images.unsplash.com/photo-1652950618856-2f19ae98297c?w=1200&h=675&fit=crop,,,
P2808,https://images.unsplash.com/photo-1653233796703-b4c8db7e3d51?w=1200&h=675&fit=crop,,,
P2809,https://images.unsplash.com/photo-1654093745927-08835ce39431?w=1200&h=675&fit=crop,,,
P2810,https://images.unsplash.com/photo-1654163275079-b59a452bea9e?w=1200&h=675&fit=crop,,,
P2811,https://images.unsplash.com/photo-1654161476934-7d2bc91fcc19?w=1200&h=675&fit=crop,,,
P2812,https://images.unsplash.com/photo-1653976161311-ba2fe2fbb194?w=1200&h=675&fit=crop,,,
P2813,https://images.unsplash.com/photo-1653942794582-a13da9e70b88?w=1200&h=675&fit=crop,,,
P2814,https://images.unsplash.com/photo-1653917191869-ac82e75aa0d6?w=1200&h=675&fit=crop,,,
P2815,https://images.unsplash.com/photo-1653035778893-b46df4793052?w=1200&h=675&fit=crop,,,
P2816,https://images.unsplash.com/photo-1654227509742-db62bfa6aa29?w=1200&h=675&fit=crop,,,
P2817,https://images.unsplash.com/photo-1653942794582-a13da9e70b88?w=1200&h=675&fit=crop,,,
P2818,https://images.unsplash.com/photo-1652360582588-f9ef18388fe6?w=1200&h=675&fit=crop,,,
P2819,https://images.unsplash.com/photo-1652694157122-a893838cf3c6?w=1200&h=675&fit=crop,,,
P2820,https://images.unsplash.com/photo-1652370647274-c509ad606b86?w=1200&h=675&fit=crop,,,
P2821,https://images.unsplash.com/photo-1651878588986-1ad8dced6bb9?w=1200&h=675&fit=crop,,,
P2822,https://images.unsplash.com/photo-1653629154311-6ed0256d5782?w=1200&h=675&fit=crop,,,
P2823,https://images.unsplash.com/photo-1653216977228-5669df1fc892?w=1200&h=675&fit=crop,,,
P2824,https://images.unsplash.com/photo-1654113295371-ddf0b6b74ee9?w=1200&h=675&fit=crop,,,
P2825,https://images.unsplash.com/photo-1653754070622-0d6041a063cf?w=1200&h=675&fit=crop,,,
P2826,https://images.unsplash.com/photo-1652878575604-8ded4ef5230b?w=1200&h=675&fit=crop,,,
P2827,https://images.unsplash.com/photo-1653092332071-919af93a1cc3?w=1200&h=675&fit=crop,,,
P2828,https://images.unsplash.com/photo-1652456615816-950c6033a6b4?w=1200&h=675&fit=crop,,,
P2829,https://images.unsplash.com/photo-1652862730749-31dae8981191?w=1200&h=675&fit=crop,,,
P2830,https://images.unsplash.com/photo-1652767050717-42f222b0e86b?w=1200&h=675&fit=crop,,,
P2831,https://images.unsplash.com/photo-1652523843280-1266e2520a91?w=1200&h=675&fit=crop,,,
P2832,https://images.unsplash.com/photo-1651907466537-210a2daaaa8d?w=1200&h=675&fit=crop,,,
P2833,https://images.unsplash.com/photo-1654279223883-0f5c5bacdc68?w=1200&h=675&fit=crop,,,
P2834,https://images.unsplash.com/photo-1651886842112-6f79e8db4edc?w=1200&h=675&fit=crop,,,
P2835,https://images.unsplash.com/photo-1653397087445-bc37fbc003dc?w=1200&h=675&fit=crop,,,
P2836,https://images.unsplash.com/photo-1652126132006-c483cd7d11b9?w=1200&h=675&fit=crop,,,
P2837,https://images.unsplash.com/photo-1653411461895-ecfc868f1195?w=1200&h=675&fit=crop,,,
P2838,https://images.unsplash.com/photo-1652602400310-c948bdc46d88?w=1200&h=675&fit=crop,,,
P2839,https://images.unsplash.com/photo-1654267141088-f26c27cfb917?w=1200&h=675&fit=crop,,,
P2840,https://images.unsplash.com/photo-1652257874577-2d91b55c7ed2?w=1200&h=675&fit=crop,,,
P2841,https://images.unsplash.com/photo-1653330670377-dcbeb441f14d?w=1200&h=675&fit=crop,,,
P2842,https://images.unsplash.com/photo-1653392110793-3e9fbf6b4d5d?w=1200&h=675&fit=crop,,,
P2843,https://images.unsplash.com/photo-1652588181034-99f1d31ea4e9?w=1200&h=675&fit=crop,,,
P2844,https://images.unsplash.com/photo-1652259461943-1a46deaa4b2c?w=1200&h=675&fit=crop,,,
P2845,https://images.unsplash.com/photo-1653242684116-497a19bc93e0?w=1200&h=675&fit=crop,,,
P2846,https://images.unsplash.com/photo-1652923678042-2c3ec7dea614?w=1200&h=675&fit=crop,,,
P2847,https://images.unsplash.com/photo-1653076446136-705337f5d2a1?w=1200&h=675&fit=crop,,,
P2848,https://images.unsplash.com/photo-1653076446136-705337f5d2a1?w=1200&h=675&fit=crop,,,
P2849,https://images.unsplash.com/photo-1653185331596-65aa6040b60c?w=1200&h=675&fit=crop,,,
P2850,https://images.unsplash.com/photo-1652824109905-38ae74f0d347?w=1200&h=675&fit=crop,,,
P2851,https://images.unsplash.com/photo-1653567106902-b30795985d0c?w=1200&h=675&fit=crop,,,
P2852,https://images.unsplash.com/photo-1653651460706-987af3f8eb61?w=1200&h=675&fit=crop,,,
P2853,https://images.unsplash.com/photo-1653079558854-2aea5b1d8c68?w=1200&h=675&fit=crop,,,
P2854,https://images.unsplash.com/photo-1653764912808-100227d25ea7?w=1200&h=675&fit=crop,,,
P2855,https://images.unsplash.com/photo-1652540496556-80b6d2f3ab04?w=1200&h=675&fit=crop,,,
P2856,https://images.unsplash.com/photo-1652562809397-447a2a5fade2?w=1200&h=675&fit=crop,,,
P2857,https://images.unsplash.com/photo-1652531310844-b16cd42d3acb?w=1200&h=675&fit=crop,,,
P2858,https://images.unsplash.com/photo-1653509517330-a5dbac11243f?w=1200&h=675&fit=crop,,,
P2859,https://images.unsplash.com/photo-1652808582235-bba93a531816?w=1200&h=675&fit=crop,,,
P2860,https://images.unsplash.com/photo-1652007975933-56cb1e2c2728?w=1200&h=675&fit=crop,,,
P2861,https://images.unsplash.com/photo-1653318599244-75944fd59cd7?w=1200&h=675&fit=crop,,,
P2862,https://images.unsplash.com/photo-1654306818822-e9ce7c310864?w=1200&h=675&fit=crop,,,
P2863,https://images.unsplash.com/photo-1652062384414-05f1b6e19be4?w=1200&h=675&fit=crop,,,
P2864,https://images.unsplash.com/photo-1651840480431-457019b8e6e4?w=1200&h=675&fit=crop,,,
P2865,https://images.unsplash.com/photo-1652873171902-7eb117ecac17?w=1200&h=675&fit=crop,,,
P2866,https://images.unsplash.com/photo-1653577755665-5732d35c169d?w=1200&h=675&fit=crop,,,
P2867,https://images.unsplash.com/photo-1652617040474-2aeea328cc53?w=1200&h=675&fit=crop,,,
P2868,https://images.unsplash.com/photo-1651874012131-3ea07c21d2ec?w=1200&h=675&fit=crop,,,
P2869,https://images.unsplash.com/photo-1651955784685-f969100bfc25?w=1200&h=675&fit=crop,,,
P2870,https://images.unsplash.com/photo-1654119925217-73048fcb5fdd?w=1200&h=675&fit=crop,,,
P2871,https://images.unsplash.com/photo-1653376774810-a81964615abb?w=1200&h=675&fit=crop,,,
P2872,https://images.unsplash.com/photo-1652721748174-3d762a96d0e6?w=1200&h=675&fit=crop,,,
P2873,https://images.unsplash.com/photo-1654027533986-9252ac069794?w=1200&h=675&fit=crop,,,
P2874,https://images.unsplash.com/photo-1652420315862-bc20a5102a4d?w=1200&h=675&fit=crop,,,
P2875,https://images.unsplash.com/photo-1653765000011-de1f5cad4fba?w=1200&h=675&fit=crop,,,
P2876,https://images.unsplash.com/photo-1653569746987-8c1c63b2ffe2?w=1200&h=675&fit=crop,,,
P2877,https://images.unsplash.com/photo-1653508818929-c631fcd0abcb?w=1200&h=675&fit=crop,,,
P2878,https://images.unsplash.com/photo-1654372617618-9dceca1ae837?w=1200&h=675&fit=crop,,,
P2879,https://images.unsplash.com/photo-1654167012494-cf327a77d02c?w=1200&h=675&fit=crop,,,
P2880,https://images.unsplash.com/photo-1654327911816-da98acbb1564?w=1200&h=675&fit=crop,,,
P2881,https://images.unsplash.com/photo-1652947701029-4cd03d723d6a?w=1200&h=675&fit=crop,,,
P2882,https://images.unsplash.com/photo-1652357079256-a50324f438f6?w=1200&h=675&fit=crop,,,
P2883,https://images.unsplash.com/photo-1652318386065-9592b0377d3c?w=1200&h=675&fit=crop,,,
P2884,https://images.unsplash.com/photo-1654496959750-d4639c8a5af9?w=1200&h=675&fit=crop,,,
P2885,https://images.unsplash.com/photo-1652865060916-ca7ec5970450?w=1200&h=675&fit=crop,,,
P2886,https://images.unsplash.com/photo-1653505688543-3bb04cfa476a?w=1200&h=675&fit=crop,,,
P2887,https://images.unsplash.com/photo-1653977506117-ca4ed49b65eb?w=1200&h=675&fit=crop,,,
P2888,https://images.unsplash.com/photo-1653576458294-f1380f884f51?w=1200&h=675&fit=crop,,,
P2889,https://images.unsplash.com/photo-1653835533712-e8da18a51cc1?w=1200&h=675&fit=crop,,,
P2890,https://images.unsplash.com/photo-1652034751661-df7e0e19313f?w=1200&h=675&fit=crop,,,
P2891,https://images.unsplash.com/photo-1653815918843-13a7072eeff8?w=1200&h=675&fit=crop,,,
P2892,https://images.unsplash.com/photo-1653843757512-60d0db287550?w=1200&h=675&fit=crop,,,
P2893,https://images.unsplash.com/photo-1652126571823-15ee08c0be05?w=1200&h=675&fit=crop,,,
P2894,https://images.unsplash.com/photo-1652342516784-0e91895c6075?w=1200&h=675&fit=crop,,,
P2895,https://images.unsplash.com/photo-1654504978958-31d99d9751ca?w=1200&h=675&fit=crop,,,
P2896,https://images.unsplash.com/photo-1654159498809-1c10bcfe7ccb?w=1200&h=675&fit=crop,,,
P2897,https://images.unsplash.com/photo-1652614347757-833f9dea4fa7?w=1200&h=675&fit=crop,,,
P2898,https://images.unsplash.com/photo-1652867063719-8359d0daab05?w=1200&h=675&fit=crop,,,
P2899,https://images.unsplash.com/photo-1652889946318-9085b5a2d4e7?w=1200&h=675&fit=crop,,,
P2900,https://images.unsplash.com/photo-1652949842655-1ab06e3d257e?w=1200&h=675&fit=crop,,,
P2901,https://images.unsplash.com/photo-1652850581909-6e48ea95bc78?w=1200&h=675&fit=crop,,,
P2902,https://images.unsplash.com/photo-1653047256226-ab0d16c758d5?w=1200&h=675&fit=crop,,,
P2903,https://images.unsplash.com/photo-1651852504897-7826ff3f508a?w=1200&h=675&fit=crop,,,
P2904,https://images.unsplash.com/photo-1651851718000-188398ed954d?w=1200&h=675&fit=crop,,,
P2905,https://images.unsplash.com/photo-1653859860089-95d9a0981752?w=1200&h=675&fit=crop,,,
P2906,https://images.unsplash.com/photo-1653731448468-823d9eb59a87?w=1200&h=675&fit=crop,,,
P2907,https://images.unsplash.com/photo-1652205953411-27af8791fba9?w=1200&h=675&fit=crop,,,
P2908,https://images.unsplash.com/photo-1653629154298-26cc034bd926?w=1200&h=675&fit=crop,,,
P2909,https://images.unsplash.com/photo-1652007682665-e06a8ac589dd?w=1200&h=675&fit=crop,,,
P2910,https://images.unsplash.com/photo-1652114068764-81abab2b83cb?w=1200&h=675&fit=crop,,,
P2911,https://images.unsplash.com/photo-1652732993227-bd8bda964016?w=1200&h=675&fit=crop,,,
P2912,https://images.unsplash.com/photo-1654157666275-15b3b30ddfab?w=1200&h=675&fit=crop,,,
P2913,https://images.unsplash.com/photo-1654167138337-87833f51d660?w=1200&h=675&fit=crop,,,
P2914,https://images.unsplash.com/photo-1654167138337-87833f51d660?w=1200&h=675&fit=crop,,,
P2915,https://images.unsplash.com/photo-1651775922013-40bf882b0e5c?w=1200&h=675&fit=crop,,,
P2916,https://images.unsplash.com/photo-1654030752805-a31a2ef93fef?w=1200&h=675&fit=crop,,,
P2917,https://images.unsplash.com/photo-1653418755978-525a402db0ba?w=1200&h=675&fit=crop,,,
P2918,https://images.unsplash.com/photo-1652260962658-f07cb45b95a9?w=1200&h=675&fit=crop,,,
P2919,https://images.unsplash.com/photo-1652752122511-4f724171660e?w=1200&h=675&fit=crop,,,
P2920,https://images.unsplash.com/photo-1653762371599-ba7dec5b27c6?w=1200&h=675&fit=crop,,,
P2921,https://images.unsplash.com/photo-1651855843252-42996def9651?w=1200&h=675&fit=crop,,,
P2922,https://images.unsplash.com/photo-1654072936047-9576520fdfce?w=1200&h=675&fit=crop,,,
P2923,https://images.unsplash.com/photo-1612117357725-8915f4e25558?w=1200&h=675&fit=crop,,,
P2924,https://images.unsplash.com/photo-1651785978755-9be987c49bbf?w=1200&h=675&fit=crop,,,
P2925,https://images.unsplash.com/photo-1653225719809-e3f9324c32cc?w=1200&h=675&fit=crop,,,
P2926,https://images.unsplash.com/photo-1652465485209-28584fd8f9cd?w=1200&h=675&fit=crop,,,
P2927,https://images.unsplash.com/photo-1653185221381-4bb8497e5c5d?w=1200&h=675&fit=crop,,,
P2928,https://images.unsplash.com/photo-1654097513732-c5711958479b?w=1200&h=675&fit=crop,,,
P2929,https://images.unsplash.com/photo-1652686871113-1325b41e8350?w=1200&h=675&fit=crop,,,
P2930,https://images.unsplash.com/photo-1652938683967-3480fb1bcb46?w=1200&h=675&fit=crop,,,
P2931,https://images.unsplash.com/photo-1652200899557-b2cbe8aa54af?w=1200&h=675&fit=crop,,,
P2932,https://images.unsplash.com/photo-1653565922895-4c08e12ea9f5?w=1200&h=675&fit=crop,,,
P2933,https://images.unsplash.com/photo-1653203684841-213a3088e7f6?w=1200&h=675&fit=crop,,,
P2934,https://images.unsplash.com/photo-1652107223772-e95d92fbafac?w=1200&h=675&fit=crop,,,
P2935,https://images.unsplash.com/photo-1651838883578-93e74ce8deea?w=1200&h=675&fit=crop,,,
P2936,https://images.unsplash.com/photo-1653399889176-572eb0ce6181?w=1200&h=675&fit=crop,,,
P2937,https://images.unsplash.com/photo-1653427602861-03fbf10a6300?w=1200&h=675&fit=crop,,,
P2938,https://images.unsplash.com/photo-1653161910616-afc6acb861d9?w=1200&h=675&fit=crop,,,
P2939,https://images.unsplash.com/photo-1652966016775-ede4fb667b8e?w=1200&h=675&fit=crop,,,
P2940,https://images.unsplash.com/photo-1653051727492-f721e5bc283e?w=1200&h=675&fit=crop,,,
P2941,https://images.unsplash.com/photo-1652695867425-583a5b0929aa?w=1200&h=675&fit=crop,,,
P2942,https://images.unsplash.com/photo-1654498106073-fd0954011c2d?w=1200&h=675&fit=crop,,,
P2943,https://images.unsplash.com/photo-1654474910176-8a89d33e2237?w=1200&h=675&fit=crop,,,
P2944,https://images.unsplash.com/photo-1647193378780-f2573b80a1e2?w=1200&h=675&fit=crop,,,
P2945,https://images.unsplash.com/photo-1652437054217-4737d149fb56?w=1200&h=675&fit=crop,,,
P2946,https://images.unsplash.com/photo-1652067904796-9f5af0490643?w=1200&h=675&fit=crop,,,
P2947,https://images.unsplash.com/photo-1652783070844-64b446b791dd?w=1200&h=675&fit=crop,,,
P2948,https://images.unsplash.com/photo-1652720827992-e61f56b66dd4?w=1200&h=675&fit=crop,,,
P2949,https://images.unsplash.com/photo-1653936999234-6574484abc38?w=1200&h=675&fit=crop,,,
P2950,https://images.unsplash.com/photo-1652695873666-15920728be15?w=1200&h=675&fit=crop,,,
P2951,https://images.unsplash.com/photo-1654248568696-0659a2178e88?w=1200&h=675&fit=crop,,,
P2952,https://images.unsplash.com/photo-1653557036073-edc6dcee5601?w=1200&h=675&fit=crop,,,
P2953,https://images.unsplash.com/photo-1654309184038-f9b689cfbdcb?w=1200&h=675&fit=crop,,,
P2954,https://images.unsplash.com/photo-1651799783756-e1f81284a4fc?w=1200&h=675&fit=crop,,,
P2955,https://images.unsplash.com/photo-1583078450666-9175ee1991df?w=1200&h=675&fit=crop,,,
P2956,https://images.unsplash.com/photo-1652836467838-da0827dec1ad?w=1200&h=675&fit=crop,,,
P2957,https://images.unsplash.com/photo-1654378551986-c4a9825d9858?w=1200&h=675&fit=crop,,,
P2958,https://images.unsplash.com/photo-1652488635133-3f186ad5e66e?w=1200&h=675&fit=crop,,,
P2959,https://images.unsplash.com/photo-1654136423713-e62dae7b74c7?w=1200&h=675&fit=crop,,,
P2960,https://images.unsplash.com/photo-1652009794671-0f727b4e843b?w=1200&h=675&fit=crop,,,
P2961,https://images.unsplash.com/photo-1651782561192-56c26d84af1b?w=1200&h=675&fit=crop,,,
P2962,https://images.unsplash.com/photo-1654045851484-d9aea271acda?w=1200&h=675&fit=crop,,,
P2963,https://images.unsplash.com/photo-1654169646425-40841a4404b4?w=1200&h=675&fit=crop,,,
P2964,https://images.unsplash.com/photo-1652192153721-5d69cc8cc8e9?w=1200&h=675&fit=crop,,,
P2965,https://images.unsplash.com/photo-1653798730818-68d6509ae3ac?w=1200&h=675&fit=crop,,,
P2966,https://images.unsplash.com/photo-1652092835349-3bcbd62d6920?w=1200&h=675&fit=crop,,,
P2967,https://images.unsplash.com/photo-1651980765175-ee248a9d55ba?w=1200&h=675&fit=crop,,,
P2968,https://images.unsplash.com/photo-1652110525338-ff3fcbe43686?w=1200&h=675&fit=crop,,,
P2969,https://images.unsplash.com/photo-1654490960674-06281cf1e248?w=1200&h=675&fit=crop,,,
P2970,https://images.unsplash.com/photo-1653996949720-702d0f93ca05?w=1200&h=675&fit=crop,,,
P2971,https://images.unsplash.com/photo-1652565081786-fe1e733e866a?w=1200&h=675&fit=crop,,,
P2972,https://images.unsplash.com/photo-1652396507015-74b259a6f58d?w=1200&h=675&fit=crop,,,
P2973,https://images.unsplash.com/photo-1651978595416-f665fd4014ac?w=1200&h=675&fit=crop,,,
P2974,https://images.unsplash.com/photo-1651886841926-06a2ae64f60d?w=1200&h=675&fit=crop,,,
P2975,https://images.unsplash.com/photo-1652667095542-a182febbf9df?w=1200&h=675&fit=crop,,,
P2976,https://images.unsplash.com/photo-1652695872769-7b416f796962?w=1200&h=675&fit=crop,,,
P2977,https://images.unsplash.com/photo-1653605941849-e8c013bdae80?w=1200&h=675&fit=crop,,,
P2978,https://images.unsplash.com/photo-1652979060932-73bb144525dc?w=1200&h=675&fit=crop,,,
P2979,https://images.unsplash.com/photo-1653763743708-0d26e71979ac?w=1200&h=675&fit=crop,,,
P2980,https://images.unsplash.com/photo-1652058812534-861c4ebec310?w=1200&h=675&fit=crop,,,
P2981,https://images.unsplash.com/photo-1652093932112-3fbc369da1f3?w=1200&h=675&fit=crop,,,
P2982,https://images.unsplash.com/photo-1654063654990-f9bcf026dee3?w=1200&h=675&fit=crop,,,
P2983,https://images.unsplash.com/photo-1654282146915-ef07ccd890d2?w=1200&h=675&fit=crop,,,
P2984,https://images.unsplash.com/photo-1653868250193-310bcf09a5c1?w=1200&h=675&fit=crop,,,
P2985,https://images.unsplash.com/photo-1654184648289-22716fc9a383?w=1200&h=675&fit=crop,,,
P2986,https://images.unsplash.com/photo-1652593471606-45e7cf3bcd1d?w=1200&h=675&fit=crop,,,
P2987,https://images.unsplash.com/photo-1653987255814-3b4c05832660?w=1200&h=675&fit=crop,,,
P2988,https://images.unsplash.com/photo-1649956133571-915dc6c5ccb1?w=1200&h=675&fit=crop,,,
P2989,https://images.unsplash.com/photo-1653199898411-b93028f1a916?w=1200&h=675&fit=crop,,,
P2990,https://images.unsplash.com/photo-1654429525137-249ef52f4dff?w=1200&h=675&fit=crop,,,
P2991,https://images.unsplash.com/photo-1651799783756-e1f81284a4fc?w=1200&h=675&fit=crop,,,
P2992,https://images.unsplash.com/photo-1652637242137-b0c6b450837f?w=1200&h=675&fit=crop,,,
P2993,https://images.unsplash.com/photo-1653076446136-705337f5d2a1?w=1200&h=675&fit=crop,,,
P2994,https://images.unsplash.com/photo-1652305483626-dae93e98b957?w=1200&h=675&fit=crop,,,
P2995,https://images.unsplash.com/photo-1651789824281-812bbf306f88?w=1200&h=675&fit=crop,,,
P2996,https://images.unsplash.com/photo-1652355562884-68d376a811e9?w=1200&h=675&fit=crop,,,
P2997,https://images.unsplash.com/photo-1653645311579-97bd284080f0?w=1200&h=675&fit=crop,,,
P2998,https://images.unsplash.com/photo-1653752821885-da2c902626de?w=1200&h=675&fit=crop,,,
P2999,https://images.unsplash.com/photo-1653895890209-90724371ca8f?w=1200&h=675&fit=crop,,,
